Job Title,Company,Location,Tags,Date Collected
Internal Controls &amp; Policy Adherence Testing Analyst,CloudWalk,United States,"testing, analyst, design, technical, support, test, financial, operations, operational, engineering, digital nomad",2025-12-28
Frontend Product Engineer,Mento,Remote,"frontend, design, growth, engineer, engineering, digital nomad",2025-12-28
Commercial P&amp;C Support Representative,Thimble,United States,"training, technical, support, software, sales, health",2025-12-28
Content Manager,Terra,U.S.,"manager, design, writer, support, ux, seo, leader, strategy, lead, content, senior, marketing, health, healthcare, digital nomad",2025-12-28
Associate Clinical Director Oncology,Private Health Management,Remote,"director, manager, exec, management, lead, go, medical, health, healthcare",2025-12-28
Recovery Analyst Underpayments,Trend Health Partners,Remote,"analyst, system, software, microsoft, excel, medical, health, healthcare",2025-12-28
Cloud Full Stack Python Software Engineer US,"Railroad19, Inc",U.S. Remote,"python, software, react, technical, code, serverless, cloud, nosql, angular, health, engineer, engineering, full-time",2025-12-28
Customer Care Specialist Inbound Phone Support,HONK,Remote,"support, growth, operations, operational, sales, full-time",2025-12-28
Staff Software Engineer Backend with Close 10 years of experience,Outreach,Hyderabad,"software, design, technical, code, microsoft, senior, sales, engineer, backend, digital nomad",2025-12-28
Technical Program Associate,GiveDirectly,London,"technical, software, financial, operations",2025-12-28
Full Stack Engineer Contacts,Calendly,Remote - US,"design, saas, react, front-end, technical, software, growth, web, cloud, node.js, engineer, engineering, backend, digital nomad",2025-12-28
Product Security Engineer DeFi,FalconX,New York City,"defi, security, design, crypto, cryptocurrency, support, code, financial, finance, management, engineer, engineering, digital nomad",2025-12-28
Senior Frontend Engineer,Arize AI,Remote,"frontend, react, typescript, api, senior, junior, engineer, engineering, backend",2025-12-28
Site Reliability Engineer,Wormhole Foundation,Remote,"security, support, operational, reliability, engineer",2025-12-28
Product Manager Wallet SDKs,Startale,Remote,manager,2025-12-28
Growth Marketing Manager,InfStones,Texas,"growth, manager, web3, node, mobile, management, marketing, analytics, sales, full-time",2025-12-28
Senior Data Engineer,Nansen.ai,"Remote EMEA, Remote Asia","crypto, software, senior, operational, analytics, engineer, engineering",2025-12-28
Social Media Manager,GiveDirectly,Nairobi,"manager, software, financial, management, operations",2025-12-28
Senior Full Stack Engineer,Teleport,United States,"design, security, recruiter, support, code, voice, education, investment, typescript, senior, go, health, engineer, engineering, digital nomad",2025-12-28
Project Director Campus Action Planning,Campus Compact,Remote - Anywhere in the U.S.,"director, students, technical, support, growth, education, investment, senior",2025-12-28
Member Support Specialist,DISQO,Yerevan,"support, test, growth, lead, health",2025-12-28
Product Manager GeckoTerminal,CoinGecko,Malaysia,"manager, design, crypto, cryptocurrency, support, software, test, growth, voice, financial, education, leader, marketing, digital nomad",2025-12-28
Senior Analytics Engineer,Alpaca,Remote - North America,"crypto, technical, support, financial, investment, finance, c, api, senior, operations, operational, marketing, analytics, engineer, executive",2025-12-28
Growth Marketer,BitMEX,Remote - Europe,"growth, crypto, cryptocurrency, security, marketer",2025-12-28
BIM Modeler,Sanctuary,New Delhi,"design, system, 3d, consultant, consulting, technical, support, test, management, lead, engineering, digital nomad",2025-12-28
Commercial Pilots AI Trainer,Handshake,San Francisco,"trainer, system, students, test, content, operational, recruiting",2025-12-28
Senior Director Global Support,Elite Technology,US - Remote,"director, saas, embedded, system, support, financial, cloud, leader, management, senior, operations, operational, executive",2025-12-28
Medical Affairs Writer Contract,Kyverna Therapeutics,Remote,"writer, management, lead, content",2025-12-28
Executive Director Patient Advocacy,Kyverna Therapeutics,Remote,"director, support, education, investor, strategy, lead, senior, recruitment, educational, executive",2025-12-28
Manager Commercial Sales,Cribl,Remote - United States,"manager, security, technical, strategy, lead, operations, excel, sales",2025-12-28
SEC Reporting Manager,HighLevel,United States,"manager, technical, support, accounting, financial, education, investor, api, management, marketing, legal, sales",2025-12-28
Director Medical Information,Kyverna Therapeutics,Remote,"director, system, training, support, leader, strategy, management, lead, content, senior, operational, biotech, health, healthcare",2025-12-28
Associate Medical Writer,Precision AQ,"Remote, United States","writer, support, education, content, marketing, legal, non tech",2025-12-28
Junior Account Manager,Unlimited Technology,Remote,"manager, security, support, management, junior, sales, healthcare, non tech",2025-12-28
Vice President Commercial & Channel Sales,DNSFilter,Remote,"design, support, growth, manager, lead, marketing, sales, full-time, digital nomad",2025-12-28
Managing Director AMER Advertising Solutions,Kochava,United States,"director, saas, gaming, technical, growth, finance, ads, mobile, leader, strategy, management, lead, senior, marketing, sales, executive",2025-12-28
SaaS Business Development Representative U.S. Eastern Time Zone,Buynomics,Eastern Time Zone (EST) USA,"saas, system, support, growth, lead, sales",2025-12-28
Web Analyst Web Data and Analytics,Best Egg,Remote / Flexible,"web, analyst, technical, testing, growth, director, financial, strategy, management, lead, marketing, analytics, health",2025-12-28
Software Engineer Infrastructure,xAI,Palo Alto,"software, engineer, engineering",2025-12-28
Senior Data Engineer,HugeInc,United States,"support, senior, engineer, engineering",2025-12-28
Performance Application Engineer Intelligent Factory,Intrinsic,Mountain View,"system, technical, software, testing, test, c++, robotics, strategy, lead, reliability, engineer",2025-12-28
Software Manager Exchange,GHX,Louisville,"software, manager, technical, java, lambda, angular, management, lead",2025-12-28
Staff Software Engineer Backend,Leona Health,San Francisco ,"software, python, cto, technical, strategy, medical, health, engineer, engineering, backend",2025-12-28
AI Engineer,Magna Legal Services,Remote,"support, legal, engineer",2025-12-28
Executive Virtual Assistant,Offshore Launch,Remote,"assistant, founder, ceo, support, growth, operations, executive, full-time",2025-12-28
Data Engineer,Sayari,Remote - US,"python, software, code, financial, investment, scala, engineer, engineering",2025-12-28
Director of Narrative and Video Storytelling,Field AI,"Irvine, CA","director, technical, support, software, web, video, robotics, leader, lead, content, sales, go, executive",2025-12-28
Senior GenAI Technical Lead Partner Platforms,2100 NVIDIA USA,"US, CA, Santa Clara","design, technical, support, software, growth, cloud, leader, strategy, lead, senior, engineering, digital nomad",2025-12-28
Current openings,Sezzle,Remote,,2025-12-28
Senior DevOps Engineer,Little Thinking Minds,Amman,"security, students, architect, technical, support, devops, cloud, lead, senior, junior, operational, engineer",2025-12-28
Senior Research Engineer OLMo,The Allen Institute for Artificial Intelligence,"Seattle, WA","senior, excel, engineer, engineering",2025-12-28
Head of Studio Standards and Business,Samsung Research America,Irvine,"security, technical, testing, test, video, strategy, junior",2025-12-28
Staff User Researcher,Nourish,New York,"mobile, health, healthcare, non tech",2025-12-28
Operations Recruiter,Field AI,"Irvine, CA","design, technical, recruiter, support, software, financial, finance, robotics, management, senior, operations, analytics, sales, go, recruiting, executive, digital nomad",2025-12-28
Full Stack Software Engineer III Angular Java,MeridianLink,,"software, design, front-end, back-end, full-stack, technical, support, testing, ui, code, web, devops, java, angular, lead, senior, junior, engineer, digital nomad",2025-12-28
JumpCloud,JumpCloud,,,2025-12-28
Marketing Strategist,OneLocal,Remote,"saas, consult, technical, strategist, seo, management, content, marketing, analytics, branding",2025-12-28
Software Engineer,Field Nation,Dhaka,"software, saas, react, docker, technical, support, growth, web, php, html, git, mysql, node.js, mobile, engineer, engineering, linux",2025-12-28
Platform Security Engineer,Braze,Bucharest,"security, growth, engineer, engineering",2025-12-28
Lead Medical Writer Medical Communications,Avalere Health ,,"training, consultancy, writer, support, growth, lead, content, junior, marketing, medical, health, healthcare",2025-12-28
Senior Product Marketing Manager Cloud Security,"Tenable, Inc.",Columbia,"security, manager, technical, support, cloud, strategy, management, lead, content, senior, marketing, sales",2025-12-28
Software Engineer Integrations,Deposco,Alpharetta,"software, design, saas, amazon, front-end, back-end, ui, web, java, mysql, api, management, health, engineer, engineering, apache, e-commerce, digital nomad",2025-12-28
The SafetyWing Digital Nomad Residency,SafetyWing,,"engineer, senior, technical, design, sales, marketing, testing, finance, saas, consulting, other",2025-12-28
SDET II SDET III,Netomi,Remote - India,,2025-12-28
Director IT & Security,HighlightTA,Toronto,"security, director, training, support, software, testing, education, investor, cloud, senior, operations, operational, recruitment",2025-12-28
Product Owner Payments,Flex,Remote / USA,"design, saas, security, support, growth, financial, finance, fintech, banking, mobile, management, operations, operational, analytics, legal, engineering, digital nomad",2025-12-28
Community Manager,"Manta Network, Powered by p0x labs",any,"manager, web3, crypto, growth, voice, content, marketing, analytics",2025-12-28
Manager Security Product Research,Corelight,North America,"security, manager, cloud, leader",2025-12-28
Software Engineer III,MeridianLink,,"software, design, c#, react, system, technical, web, senior, engineer, digital nomad",2025-12-28
Graphic Designer,Waterfall,Remote,"nft, designer, travel, content, marketing",2025-12-28
Technical Customer Growth Manager,Immutable,South Korea,"growth, manager, saas, web3, nft, game, gaming, technical, support, strategy, health, engineering, recruitment",2025-12-28
Senior Software Engineer Trading Technology,BitMEX,Remote - EMEA,"software, crypto, cryptocurrency, security, senior, engineer",2025-12-28
Software Engineer I Dev Tooling,Sumo Logic,Noida,"software, design, system, technical, support, developer, code, web, javascript, strategy, senior, engineer, engineering, digital nomad",2025-12-28
Distributed Systems Engineer,LiveKit,,"design, technical, support, developer, cloud, operational, reliability, engineer, engineering, digital nomad",2025-12-28
Sales Enablement and Training Manager,Socure,Carson City,"training, manager, system, management, sales, recruiting",2025-12-28
Analytics Engineer,Socure,Carson City,"design, technical, support, management, analytics, reliability, recruiting, engineer, engineering, digital nomad",2025-12-28
Security Compliance Specialist,LiveKit,,"security, technical, support, software, code, management, lead, operations, operational, engineer, engineering, full-time",2025-12-28
Overnight Customer Support Engineer,"Rebuy, Inc.",,"saas, frontend, ceo, technical, recruiter, support, software, testing, test, coo, scrum, manager, javascript, html, lead, legal, engineer, ecommerce",2025-12-28
AP Principal US Market Access based role,Avalere Health ,,"training, consulting, support, growth, manager, financial, strategy, management, content, senior, junior, marketing, sales, medical, health, healthcare",2025-12-28
Member of Technical Staff Atlas,Anchorage Digital,United States,"design, crypto, cryptocurrency, system, security, technical, software, testing, growth, code, manager, financial, finance, bank, c++, cloud, api, legal, engineering, backend, digital nomad",2025-12-28
Senior Security Engineer,Loft Orbital Solutions,"Golden, CO or San Francisco","security, design, software, growth, code, financial, senior, operations, health, healthcare, engineer, engineering, digital nomad",2025-12-28
Caregiver Elderly Support,RYZ Labs,Los Angeles,"support, cloud",2025-12-28
Physical Therapist,RYZ Labs,Arizona,"education, cloud, operational, health, non tech",2025-12-28
Polly,Polly,Remote,,2025-12-28
Khmer US based Medical Translators needed,LILT (Production),San Francisco,"support, software, growth, linguistics, content, recruitment",2025-12-28
Behavior Technician,RYZ Labs,Orlando,"cloud, health, non tech",2025-12-28
Lead Digital Media Planner Buyer,Bluelight Consulting,Granada,"consulting, consultancy, software, ads, lead",2025-12-28
Outlast,Outlast,Remote,,2025-12-28
Senior Security Operations Analyst,The Voleon Group,Berkeley,"security, analyst, growth, investment, senior, junior, operations",2025-12-28
Commercial Account Representative,Illumio,Remote,"security, support, travel, financial, leader, management, operational, marketing, sales, recruitment, executive, non tech",2025-12-28
Solution Engineer Inside Sales Support,Illumio,Remote,"salesforce, security, game, technical, support, software, financial, cloud, microsoft, leader, operational, sales, health, engineer, recruitment, executive",2025-12-28
Times Changed We Changed with Them...Maybe You Should Too,Global Elite Texas,"Oregon City, Oregon","support, video, non tech",2025-12-28
Business Intelligence Analyst,RainFocus,Lehi,"analyst, software, marketing, health",2025-12-28
Software Engineer II Golang,Stacklok,Remote: Spain,"software, design, system, frontend, code, management, golang, engineer, backend, digital nomad",2025-12-28
Career,Syngenta,Not specified,security,2025-12-28
Senior Web Scraping Engineer Python,Oxylabs ,Poland,"python, web, system, front-end, back-end, support, css, senior, go, engineer",2025-12-28
Events Marketing Manager,Alpaca,Remote - North America or South America,"manager, crypto, developer, financial, investment, c, api, strategy, marketing, executive, digital nomad",2025-12-28
Java Software Engineer,capital.com,,"software, design, security, code, financial, java, operations, reliability, engineer, engineering, backend, digital nomad",2025-12-28
